comparison,group1_mean,group2_mean,difference_group2_minus_group1,ci_lower,ci_upper
America: 1951-2000 minus 1900-1950,5.699630249740788,5.7574413680135965,0.05781111827280849,0.007448496076949241,0.10766646037891432
Europe: 1951-2000 minus 1900-1950,5.501182421805221,5.513135730199674,0.011953308394453188,-0.04971396187758261,0.07353840610291189
1900-1950: Europe minus America,5.699630249740788,5.501182421805221,-0.19844782793556703,-0.25362669063677495,-0.14359446407812237
1951-2000: Europe minus America,5.7574413680135965,5.513135730199674,-0.24430563781392234,-0.2984388104303066,-0.19012640291088892
