comparison,estimate,ci_lower,ci_upper
Difference-in-differences,-0.045857809878355305,-0.12315840613627975,0.032302787466789926
